{"_runtime":16.361545523,"_wandb":{"runtime":16},"_timestamp":1.767014399258749e+09,"_step":3,"velocity":25.067596435546875,"prior_posterior":1.9424123764038086}