{"_runtime":28.565473381,"prior_posterior":1.6356847286224365,"_timestamp":1.767014798658644e+09,"_step":28,"velocity":9.68433952331543,"_wandb":{"runtime":28}}