{"_timestamp":1.7670150777221606e+09,"_wandb":{"runtime":268},"_runtime":268.507377129,"_step":340,"velocity":3.4615426063537598,"prior_posterior":0.8037939667701721}