{"prior_posterior":0.41746625304222107,"_timestamp":1.7670137532973254e+09,"_step":1572,"_wandb":{"runtime":942},"_runtime":942.280049599,"velocity":1.8429551124572754}