{"prior_posterior":0.3790956139564514,"_timestamp":1.7670165292942495e+09,"_step":1920,"velocity":1.520702600479126,"_runtime":1445.347681818,"_wandb":{"runtime":1445}}