{"_step":204,"_wandb":{"runtime":254},"_runtime":254.074703137,"velocity":4.2173967361450195,"prior_posterior":0.8499664664268494,"_timestamp":1.7670140923490229e+09}