{"velocity":5.651496887207031,"_wandb":{"runtime":76},"_runtime":76.326682076,"prior_posterior":1.0035234689712524,"_timestamp":1.7670147647622588e+09,"_step":127}